John,230516STD02,student,secret
Tirza Gabriella,230516TCH01,teacher,secret1
Emily,230516STD02,student,secret2
Chris,230516ADM03,admin,secret3
Emily,230516STD04,student,secret4
Daniel,230516TCH05,teacher,secret5
Daniel,230516STD06,student,secret6
Sarah,230516ADM07,admin,secret7
Alex,230516ADM08,admin,secret8
Samantha,230516ADM09,admin,secret9
Michael,230516ADM10,admin,secret10
Daniel,230516TCH11,teacher,secret11
Maria,230516TCH12,teacher,secret12
Jessica,230516STD13,student,secret13
Daniel,230516ADM14,admin,secret14
Daniel,230516STD15,student,secret15
David,230516TCH16,teacher,secret16
David,230516ADM17,admin,secret17
Chris,230516STD18,student,secret18
Chris,230516TCH19,teacher,secret19
David,230516TCH20,teacher,secret20
Chris,230516TCH21,teacher,secret21
Julia,230516ADM22,admin,secret22
David,230516STD23,student,secret23
Emily,230516STD24,student,secret24
Tirza Gabriella,230516TCH25,teacher,secret25
Samantha,230516TCH26,teacher,secret26
John,230516ADM27,admin,secret27
David,230516ADM28,admin,secret28
David,230516STD29,student,secret29